{
  "project_info": {
    "project_number": "1063756514541",
    "project_id": "xmail-e73d7",
    "storage_bucket": "xmail-e73d7.firebasestorage.app"
  },
  "client": [
    {
      "client_info": {
        "mobilesdk_app_id": "1:1063756514541:android:b25226aa6377e092a938e4",
        "android_client_info": {
          "package_name": "com.xmail.app"
        }
      },
      "oauth_client": [
        {
          "client_id": "1063756514541-6tu02ucparuhenibcqrsj0e5v6hdee2h.apps.googleusercontent.com",
          "client_type": 1,
          "android_info": {
            "package_name": "com.xmail.app",
            "certificate_hash": "39a9af7b175826722f4cf75249e53b71fee97371"
          }
        },
        {
          "client_id": "1063756514541-bs2tnor69pc9q833uvfj5hkq3erou7t5.apps.googleusercontent.com",
          "client_type": 3
        }
      ],
      "api_key": [
        {
          "current_key": "AIzaSyBhS08NtfJZS3nt1JpxCIBFDJk4OOUXV5k"
        }
      ],
      "services": {
        "appinvite_service": {
          "other_platform_oauth_client": [
            {
              "client_id": "1063756514541-163vnfkgkltramrgncr5m8bd0o1248hr.apps.googleusercontent.com",
              "client_type": 3
            },
            {
              "client_id": "1063756514541-sbo0dhlo6cnsckbmgr8382vl4a3r08ou.apps.googleusercontent.com",
              "client_type": 2,
              "ios_info": {
                "bundle_id": "com.xmail.app"
              }
            }
          ]
        }
      }
    }
  ],
  "configuration_version": "1"
}